album,rank,feature,weight
"0,25 mg EP",1,quebonafide,0.4570210157966182
"0,25 mg EP",2,refren quebonafide,0.3417023417361826
"0,25 mg EP",3,zwrotka quebonafide,0.2405611685446218
"0,25 mg EP",4,powiedz tym,0.24045655231930094
"0,25 mg EP",5,di,0.2364937030067767
"0,25 mg EP",6,quebo,0.2339216980694355
"0,25 mg EP",7,nie miałem,0.22725703936157937
"0,25 mg EP",8,quebonafide wszystkie,0.22258390095410419
"0,25 mg EP",9,duszy,0.22150468882747995
"0,25 mg EP",10,wszędzie,0.22112497908743883
"0,25 mg EP",11,śpiewają,0.21413472955545973
"0,25 mg EP",12,vinci,0.19174643395473473
"0,25 mg EP",13,moje,0.1856310980037152
"0,25 mg EP",14,głowa,0.1780282446236313
"0,25 mg EP",15,dosyć,0.17469576774256138
1-800-OŚWIECENIE,1,800,0.43313620036811323
1-800-OŚWIECENIE,2,oświecenie,0.4113764025319631
1-800-OŚWIECENIE,3,800 oświecenie,0.3977638915017737
1-800-OŚWIECENIE,4,prowadzący,0.36349603530487773
1-800-OŚWIECENIE,5,pan,0.2729816328177697
1-800-OŚWIECENIE,6,audycji,0.26739722364585905
1-800-OŚWIECENIE,7,marmur,0.24586815633961984
1-800-OŚWIECENIE,8,rozmowa prowadzący,0.21111121089858945
1-800-OŚWIECENIE,9,prowadzący dzwoniący,0.21111121089858945
1-800-OŚWIECENIE,10,dzwoniący,0.21111121089858945
1-800-OŚWIECENIE,11,wieczór,0.20608242422937906
1-800-OŚWIECENIE,12,rozmowa,0.20201996510322584
1-800-OŚWIECENIE,13,dobry wieczór,0.19549391342004754
1-800-OŚWIECENIE,14,radio marmur,0.19247019278793348
1-800-OŚWIECENIE,15,pana,0.18989843125109365
Café Belga,1,marek fall,0.2972194500963272
Café Belga,2,fall,0.2972194500963272
Café Belga,3,ztm,0.27393737372363386
Café Belga,4,marek,0.2670491216724598
Café Belga,5,dzięki,0.26258015629310216
Café Belga,6,nigdy,0.24317121353534002
Café Belga,7,ztm em,0.2381096349019478
Café Belga,8,mówię,0.2307675371172522
Café Belga,9,hemingway marek,0.22360680551571044
Café Belga,10,końcu,0.2214338238580827
Café Belga,11,możesz,0.21500441731365497
Café Belga,12,ay,0.21485539552304284
Café Belga,13,śpiewa,0.2141944339925142
Café Belga,14,nie no,0.20882161724330742
Café Belga,15,którzy,0.20874787462509894
Europa,1,yeah,0.4602810029648624
Europa,2,europa,0.423173120204161
Europa,3,dziennik pokładowy,0.41269932610003573
Europa,4,pokładowy,0.41269932610003573
Europa,5,dziennik,0.41269932610003573
Europa,6,europę,0.27298224149634015
Europa,7,europa lp,0.26809725687957026
Europa,8,yeah yeah,0.2550440130267097
Europa,9,lp,0.2517054586152857
Europa,10,europa zapis,0.24374687022988212
Europa,11,pokładowy taco,0.24374687022988212
Europa,12,pokładowy europa,0.24374687022988212
Europa,13,hemingway dziennik,0.24374687022988212
Europa,14,zapis,0.24374687022988212
Europa,15,europie,0.2297903932215203
Flagey EP,1,propos,0.5568751001578809
Flagey EP,2,miłości,0.389733166937576
Flagey EP,3,stypa,0.3716807492336133
Flagey EP,4,kwiaty,0.3608917655399438
Flagey EP,5,małe,0.3554574809053305
Flagey EP,6,mało,0.29367907265017557
Flagey EP,7,to miasto,0.28736190612746126
Flagey EP,8,kły,0.28150411476613485
Flagey EP,9,co tu,0.28150411476613485
Flagey EP,10,chlanie,0.2794267877990363
Flagey EP,11,koks,0.2794267877990363
Flagey EP,12,wokoło,0.2774339233047055
Flagey EP,13,więc nie,0.2773548105530195
Flagey EP,14,dziewczyny,0.2772450192998247
Flagey EP,15,mam banku,0.2721845815517597
Jarmark,1,łańcuch,0.360731963050724
Jarmark,2,to łańcuch,0.2985668228239286
Jarmark,3,bo to,0.2762300412503368
Jarmark,4,ty jesteś,0.2617638850486899
Jarmark,5,mu,0.21257451502309505
Jarmark,6,tomasz,0.2087522877893457
Jarmark,7,tomasz knapik,0.2087522877893457
Jarmark,8,knapik,0.2087522877893457
Jarmark,9,misją,0.20801123421078474
Jarmark,10,mam czasu,0.19739719664265926
Jarmark,11,dla,0.1957043346686754
Jarmark,12,zanik,0.19484337336971175
Jarmark,13,grzegorz,0.19171238407688096
Jarmark,14,catchup,0.19144285362755203
Jarmark,15,oni są,0.18989759839781037
LATARNIE WSZĘDZIE DAWNO ZGASŁY,1,livka,0.4364688394388501
LATARNIE WSZĘDZIE DAWNO ZGASŁY,2,interludium,0.42644107534398645
LATARNIE WSZĘDZIE DAWNO ZGASŁY,3,hemingway livka,0.316190020940957
LATARNIE WSZĘDZIE DAWNO ZGASŁY,4,warszawa,0.25171502569281085
LATARNIE WSZĘDZIE DAWNO ZGASŁY,5,dlaczego,0.23005981623689645
LATARNIE WSZĘDZIE DAWNO ZGASŁY,6,róg,0.20846635753337248
LATARNIE WSZĘDZIE DAWNO ZGASŁY,7,refren livka,0.20383145305361772
LATARNIE WSZĘDZIE DAWNO ZGASŁY,8,nocnych,0.1966580166707992
LATARNIE WSZĘDZIE DAWNO ZGASŁY,9,człowiek,0.19642613353372454
LATARNIE WSZĘDZIE DAWNO ZGASŁY,10,pod apteką,0.1942393524071819
LATARNIE WSZĘDZIE DAWNO ZGASŁY,11,apteką,0.1942393524071819
LATARNIE WSZĘDZIE DAWNO ZGASŁY,12,przed chwilą,0.19227206815418654
LATARNIE WSZĘDZIE DAWNO ZGASŁY,13,ratunku,0.18171083764416365
LATARNIE WSZĘDZIE DAWNO ZGASŁY,14,jeszcze,0.17937985172096424
LATARNIE WSZĘDZIE DAWNO ZGASŁY,15,miasto,0.17825923893520493
Marmur,1,szcześniak,0.3015062314658222
Marmur,2,panie szcześniak,0.2945023283446307
Marmur,3,ciszy,0.2664863127334325
Marmur,4,długie,0.24596984539657174
Marmur,5,hotelu,0.24340332052056407
Marmur,6,pan,0.2402497133939364
Marmur,7,hemingway rumak,0.2394575042638675
Marmur,8,ciosy,0.2144013790859999
Marmur,9,rumak,0.2121561621569149
Marmur,10,pokoju,0.2011276833708246
Marmur,11,mówił,0.20011808389223762
Marmur,12,pasażer,0.1985129571373961
Marmur,13,pan co,0.19623365726429293
Marmur,14,wie,0.19392322087974534
Marmur,15,panu,0.18638723963520465
"POCZTÓWKA Z WWA, LATO '19",1,uh,0.3747176789474444
"POCZTÓWKA Z WWA, LATO '19",2,na zdrowie,0.3317973888088369
"POCZTÓWKA Z WWA, LATO '19",3,pocztówka,0.33136286279736377
"POCZTÓWKA Z WWA, LATO '19",4,warszawy,0.31249322955239706
"POCZTÓWKA Z WWA, LATO '19",5,pocztówka warszawy,0.3023709231631332
"POCZTÓWKA Z WWA, LATO '19",6,2k19,0.27773257159355347
"POCZTÓWKA Z WWA, LATO '19",7,zdrowie,0.2614295422086495
"POCZTÓWKA Z WWA, LATO '19",8,2k19 na,0.24110972172538997
"POCZTÓWKA Z WWA, LATO '19",9,lato 2k19,0.24110972172538997
"POCZTÓWKA Z WWA, LATO '19",10,rosalie,0.23246404527697645
"POCZTÓWKA Z WWA, LATO '19",11,ayy,0.22864309275204933
"POCZTÓWKA Z WWA, LATO '19",12,wannie,0.21115786905533188
"POCZTÓWKA Z WWA, LATO '19",13,warszawy lato,0.20809555710244562
"POCZTÓWKA Z WWA, LATO '19",14,dawid,0.20153133577952187
"POCZTÓWKA Z WWA, LATO '19",15,rada,0.19759681011380498
"SOMA 0,5 mg",1,quebonafide,0.5749664911766724
"SOMA 0,5 mg",2,hemingway quebonafide,0.2875409709211442
"SOMA 0,5 mg",3,woah,0.2831520768900188
"SOMA 0,5 mg",4,zwrotka quebonafide,0.27313478076841385
"SOMA 0,5 mg",5,refren quebonafide,0.2682581365962863
"SOMA 0,5 mg",6,giro,0.26756468495341884
"SOMA 0,5 mg",7,quebonafide taco,0.26631875312270065
"SOMA 0,5 mg",8,więcej łez,0.21467412322925536
"SOMA 0,5 mg",9,kuba,0.21394265722748657
"SOMA 0,5 mg",10,nigdy więcej,0.20691271227839506
"SOMA 0,5 mg",11,leci,0.18013599947998252
"SOMA 0,5 mg",12,chcieli,0.17689239903704124
"SOMA 0,5 mg",13,uh,0.17477770978051982
"SOMA 0,5 mg",14,hajs,0.17469347968471968
"SOMA 0,5 mg",15,nigdy,0.17034055026815506
Szprycer,1,trzydzieści,0.3638087671727675
Szprycer,2,pięć,0.3239356999602191
Szprycer,3,żeby życie,0.31705523173784517
Szprycer,4,noc żeby,0.3145612639123808
Szprycer,5,mówiłem,0.294729391545805
Szprycer,6,coś,0.2863535203342807
Szprycer,7,ayy,0.27938673746837633
Szprycer,8,żeby,0.27933745425440826
Szprycer,9,pracowałem,0.26729847781401445
Szprycer,10,życie miało,0.25896913174851094
Szprycer,11,niby tlen,0.25531816613860875
Szprycer,12,kropla,0.2548307061030504
Szprycer,13,sali,0.25403358237772283
Szprycer,14,więc powiedz,0.25366522456392615
Szprycer,15,że coś,0.25310492248913397
Trójkąt Warszawski,1,mać,0.43384004283565686
Trójkąt Warszawski,2,szlugi,0.3625626835914478
Trójkąt Warszawski,3,precz,0.31212676113035365
Trójkąt Warszawski,4,były,0.31127473851983073
Trójkąt Warszawski,5,miasto pachnie,0.2829518118209703
Trójkąt Warszawski,6,komu,0.2821691416160778
Trójkąt Warszawski,7,kurwa mać,0.2766027308212727
Trójkąt Warszawski,8,łotr,0.27467322205804007
Trójkąt Warszawski,9,szlugi kalafiory,0.2686617646276551
Trójkąt Warszawski,10,kalafiory,0.2686617646276551
Trójkąt Warszawski,11,warszawski,0.2660624990893515
Trójkąt Warszawski,12,jak szlugi,0.26287946270624674
Trójkąt Warszawski,13,pachnie jak,0.2619971906082225
Trójkąt Warszawski,14,ma więc,0.26122980621382963
Trójkąt Warszawski,15,nam,0.25515193193670965
Umowa o dzieło,1,awizo,0.5086531765637975
Umowa o dzieło,2,sześć,0.4524687847436885
Umowa o dzieło,3,sześć zer,0.4424443430428844
Umowa o dzieło,4,zer,0.40155431431679295
Umowa o dzieło,5,wracam,0.33607944712811866
Umowa o dzieło,6,następna stacja,0.33414470891944004
Umowa o dzieło,7,stacja,0.33020330665895653
Umowa o dzieło,8,następna,0.3087451449781407
Umowa o dzieło,9,cieście,0.28532250760197964
Umowa o dzieło,10,noszę,0.279674217466705
Umowa o dzieło,11,tam gdzie,0.2668651942882772
Umowa o dzieło,12,mógłbym,0.26134443737029206
Umowa o dzieło,13,4822,0.24566574656919227
Umowa o dzieło,14,oczami,0.24463390944268354
Umowa o dzieło,15,kiedy za,0.2407165716375674
WOSK EP,1,biodra,0.6774045402447022
WOSK EP,2,whoa,0.5040100768816645
WOSK EP,3,wosk,0.49234702678915715
WOSK EP,4,znowu dziś,0.47255516032514144
WOSK EP,5,ugh,0.39609128705063373
WOSK EP,6,twoje biodra,0.3949642064032432
WOSK EP,7,świat,0.3276310525044957
WOSK EP,8,twoje,0.3027296843505715
WOSK EP,9,autem,0.2941390623627239
WOSK EP,10,pięć,0.28753577855372725
WOSK EP,11,wiatr,0.2859481791680968
WOSK EP,12,winyl,0.2787550430442961
WOSK EP,13,chcę jej,0.27865712529216297
WOSK EP,14,które nie,0.27468371198920677
WOSK EP,15,są jak,0.2744089498021142
Young Hems,1,the,0.6861749550238172
Young Hems,2,and,0.6469523201998401
Young Hems,3,your,0.585502745078282
Young Hems,4,you,0.5489663830460781
Young Hems,5,it,0.5481605156762464
Young Hems,6,in,0.5324237422613256
Young Hems,7,with,0.513402175263164
Young Hems,8,like,0.5029721940777163
Young Hems,9,fuck,0.4897415903740661
Young Hems,10,my,0.4849381977380479
Young Hems,11,is,0.46522530447857624
Young Hems,12,of,0.4369191138601371
Young Hems,13,that,0.4354670620343566
Young Hems,14,not,0.41411608538087075
Young Hems,15,fucking,0.40344844689662074